{
  "project_info": {
    "project_number": "354124161148",
    "firebase_url": "https://sensemart-8c5c7-default-rtdb.firebaseio.com",
    "project_id": "sensemart-8c5c7",
    "storage_bucket": "sensemart-8c5c7.appspot.com"
  },
  "client": [
    {
      "client_info": {
        "mobilesdk_app_id": "1:354124161148:android:fc45d1feff2ac69ea6e9f9",
        "android_client_info": {
          "package_name": "com.example.algo999"
        }
      },
      "oauth_client": [],
      "api_key": [
        {
          "current_key": "AIzaSyDp2lymxuyURUJfQIzslEE-41WCUkAKtSA"
        }
      ],
      "services": {
        "appinvite_service": {
          "other_platform_oauth_client": []
        }
      }
    },
    {
      "client_info": {
        "mobilesdk_app_id": "1:354124161148:android:05e3f5e32f2cc5e4a6e9f9",
        "android_client_info": {
          "package_name": "com.example.sensemart"
        }
      },
      "oauth_client": [],
      "api_key": [
        {
          "current_key": "AIzaSyDp2lymxuyURUJfQIzslEE-41WCUkAKtSA"
        }
      ],
      "services": {
        "appinvite_service": {
          "other_platform_oauth_client": []
        }
      }
    }
  ],
  "configuration_version": "1"
}